{
    "name": "root",
    "gauges": {
        "Stand.Policy.Entropy.mean": {
            "value": 1.189009428024292,
            "min": 1.189009428024292,
            "max": 1.3573418855667114,
            "count": 32
        },
        "Stand.Policy.Entropy.sum": {
            "value": 35688.1171875,
            "min": 23919.078125,
            "max": 40586.2265625,
            "count": 32
        },
        "Stand.Environment.EpisodeLength.mean": {
            "value": 8.429110342659541,
            "min": 7.960837070254111,
            "max": 8.429110342659541,
            "count": 32
        },
        "Stand.Environment.EpisodeLength.sum": {
            "value": 26813.0,
            "min": 15640.0,
            "max": 26813.0,
            "count": 32
        },
        "Stand.Step.mean": {
            "value": 1499991.0,
            "min": 569996.0,
            "max": 1499991.0,
            "count": 32
        },
        "Stand.Step.sum": {
            "value": 1499991.0,
            "min": 569996.0,
            "max": 1499991.0,
            "count": 32
        },
        "Stand.Policy.ExtrinsicValueEstimate.mean": {
            "value": -10.32227897644043,
            "min": -13.820425033569336,
            "max": -10.247028350830078,
            "count": 32
        },
        "Stand.Policy.ExtrinsicValueEstimate.sum": {
            "value": -32835.16796875,
            "min": -46215.5,
            "max": -26636.97265625,
            "count": 32
        },
        "Stand.Environment.CumulativeReward.mean": {
            "value": -7.158552091925896,
            "min": -14.05532362296031,
            "max": -7.158552091925896,
            "count": 32
        },
        "Stand.Environment.CumulativeReward.sum": {
            "value": -22771.354204416275,
            "min": -44957.98774600029,
            "max": -22771.354204416275,
            "count": 32
        },
        "Stand.Policy.ExtrinsicReward.mean": {
            "value": -7.158552091925896,
            "min": -14.05532362296031,
            "max": -7.158552091925896,
            "count": 32
        },
        "Stand.Policy.ExtrinsicReward.sum": {
            "value": -22771.354204416275,
            "min": -44957.98774600029,
            "max": -22771.354204416275,
            "count": 32
        },
        "Stand.IsTraining.mean": {
            "value": 1.0,
            "min": 1.0,
            "max": 1.0,
            "count": 32
        },
        "Stand.IsTraining.sum": {
            "value": 1.0,
            "min": 1.0,
            "max": 1.0,
            "count": 32
        },
        "Stand.Losses.PolicyLoss.mean": {
            "value": 0.02261527774273418,
            "min": 0.018247423921711744,
            "max": 0.026979099272284656,
            "count": 31
        },
        "Stand.Losses.PolicyLoss.sum": {
            "value": 0.04523055548546836,
            "min": 0.018247423921711744,
            "max": 0.047544754177797584,
            "count": 31
        },
        "Stand.Losses.ValueLoss.mean": {
            "value": 19.24582632064819,
            "min": 18.21405834197998,
            "max": 34.580474796295164,
            "count": 31
        },
        "Stand.Losses.ValueLoss.sum": {
            "value": 38.49165264129638,
            "min": 18.21405834197998,
            "max": 69.16094959259033,
            "count": 31
        },
        "Stand.Policy.LearningRate.mean": {
            "value": 0.00047525730494854,
            "min": 0.00047525730494854,
            "max": 0.0004902810519437899,
            "count": 31
        },
        "Stand.Policy.LearningRate.sum": {
            "value": 0.00095051460989708,
            "min": 0.0004757696548460699,
            "max": 0.0009805621038875799,
            "count": 31
        },
        "Stand.Policy.Epsilon.mean": {
            "value": 0.19505146,
            "min": 0.19505146,
            "max": 0.19805621,
            "count": 31
        },
        "Stand.Policy.Epsilon.sum": {
            "value": 0.39010292,
            "min": 0.19515393,
            "max": 0.39611242,
            "count": 31
        },
        "Stand.Policy.Beta.mean": {
            "value": 0.004753067854,
            "min": 0.004753067854,
            "max": 0.004903004879,
            "count": 31
        },
        "Stand.Policy.Beta.sum": {
            "value": 0.009506135708,
            "min": 0.004758181106999999,
            "max": 0.009806009758,
            "count": 31
        }
    },
    "metadata": {
        "timer_format_version": "0.1.0",
        "start_time_seconds": "1732375958",
        "python_version": "3.10.11 (tags/v3.10.11:7d4cc5a, Apr  5 2023, 00:38:17) [MSC v.1929 64 bit (AMD64)]",
        "command_line_arguments": "c:\\Users\\eriol\\Desktop\\Unity\\DynamicRagdoll\\venv\\Scripts\\mlagents-learn Config\\ppo\\Stand.yaml --run-id=Stand2 --resume",
        "mlagents_version": "1.1.0",
        "mlagents_envs_version": "1.1.0",
        "communication_protocol_version": "1.5.0",
        "pytorch_version": "2.5.1+cu124",
        "numpy_version": "1.23.5",
        "end_time_seconds": "1732378677"
    },
    "total": 2719.2900894000004,
    "count": 1,
    "self": 0.008129500000450207,
    "children": {
        "run_training.setup": {
            "total": 0.14680550000002768,
            "count": 1,
            "self": 0.14680550000002768
        },
        "TrainerController.start_learning": {
            "total": 2719.1351544,
            "count": 1,
            "self": 3.575295599942365,
            "children": {
                "TrainerController._reset_env": {
                    "total": 9.988229700000147,
                    "count": 1,
                    "self": 9.988229700000147
                },
                "TrainerController.advance": {
                    "total": 2705.3921811000573,
                    "count": 186221,
                    "self": 2.9467326999301804,
                    "children": {
                        "env_step": {
                            "total": 1917.7337628000323,
                            "count": 186221,
                            "self": 1533.1496312998765,
                            "children": {
                                "SubprocessEnvManager._take_step": {
                                    "total": 382.437599600102,
                                    "count": 186221,
                                    "self": 6.708983300150749,
                                    "children": {
                                        "TorchPolicy.evaluate": {
                                            "total": 375.7286162999512,
                                            "count": 106325,
                                            "self": 375.7286162999512
                                        }
                                    }
                                },
                                "workers": {
                                    "total": 2.1465319000537875,
                                    "count": 186220,
                                    "self": 0.0,
                                    "children": {
                                        "worker_root": {
                                            "total": 2706.5509734000257,
                                            "count": 186220,
                                            "is_parallel": true,
                                            "self": 1343.3209919002177,
                                            "children": {
                                                "steps_from_proto": {
                                                    "total": 0.0035001999999622058,
                                                    "count": 1,
                                                    "is_parallel": true,
                                                    "self": 0.0001366999999845575,