{"count":1,"self":370.9029376,"total":1847.8338555,"children":{"InitializeActuators":{"count":1,"self":0.0010007,"total":0.0010007,"children":null},"InitializeSensors":{"count":1,"self":0.0020065,"total":0.0020065,"children":null},"AgentSendState":{"count":1070134,"self":3.0536887999999998,"total":8.770098299999999,"children":{"CollectObservations":{"count":214027,"self":1.0897046,"total":1.0897046,"children":null},"WriteActionMask":{"count":214027,"self":0.21050619999999998,"total":0.21050619999999998,"children":null},"RequestDecision":{"count":214027,"self":0.75896579999999991,"total":4.4161988,"children":{"AgentInfo.ToProto":{"count":214027,"self":1.0722319999999999,"total":3.6572329999999997,"children":{"GenerateSensorData":{"count":214027,"self":2.585001,"total":2.585001,"children":null}}}}}}},"DecideAction":{"count":1070134,"self":1456.072704,"total":1456.0726823999998,"children":null},"AgentAct":{"count":1070134,"self":11.220145599999999,"total":12.0840902,"children":{"AgentInfo.ToProto":{"count":51498,"self":0.2140499,"total":0.8639449,"children":{"GenerateSensorData":{"count":51498,"self":0.649895,"total":0.649895,"children":null}}}}}},"gauges":{"Stand.CumulativeReward":{"count":51498,"max":557.657166,"min":1.28302681,"runningAverage":4.285683,"value":4.01235628,"weightedAverage":4.10490656}},"metadata":{"timer_format_version":"0.1.0","start_time_seconds":"1731022093","unity_version":"2022.3.50f1","command_line_arguments":"C:\\Program Files\\Unity\\Hub\\Editor\\2022.3.50f1\\Editor\\Unity.exe -projectpath C:\\Users\\eriol\\Desktop\\unity\\GameAI -useHub -hubIPC -cloudEnvironment production -licensingIpc LicenseClient-eriol -hubSessionId c336da1f-2e96-4ad5-b61b-7cec2ba445e2 -accessToken o0YihLlF-fTQvqznRjQv4j80vogbTHYQA423dDkZk3A002f","communication_protocol_version":"1.5.0","com.unity.ml-agents_version":"2.0.1","scene_name":"SampleScene","end_time_seconds":"1731023940"}}