{
    "name": "root",
    "gauges": {
        "Stand.Policy.Entropy.mean": {
            "value": 1.116533637046814,
            "min": 1.116533637046814,
            "max": 1.2065670490264893,
            "count": 55
        },
        "Stand.Policy.Entropy.sum": {
            "value": 33585.33203125,
            "min": 33482.44140625,
            "max": 36186.2109375,
            "count": 55
        },
        "Stand.Environment.EpisodeLength.mean": {
            "value": 71.05048076923077,
            "min": 20.801538461538463,
            "max": 71.05048076923077,
            "count": 55
        },
        "Stand.Environment.EpisodeLength.sum": {
            "value": 29557.0,
            "min": 27042.0,
            "max": 29618.0,
            "count": 55
        },
        "Stand.Step.mean": {
            "value": 2429961.0,
            "min": 809987.0,
            "max": 2429961.0,
            "count": 55
        },
        "Stand.Step.sum": {
            "value": 2429961.0,
            "min": 809987.0,
            "max": 2429961.0,
            "count": 55
        },
        "Stand.Policy.ExtrinsicValueEstimate.mean": {
            "value": 448.17095947265625,
            "min": 124.28913879394531,
            "max": 448.17095947265625,
            "count": 55
        },
        "Stand.Policy.ExtrinsicValueEstimate.sum": {
            "value": 186439.125,
            "min": 161451.59375,
            "max": 188121.25,
            "count": 55
        },
        "Stand.Environment.CumulativeReward.mean": {
            "value": 923.4643785770123,
            "min": 270.22302935029836,
            "max": 925.3332043880481,
            "count": 55
        },
        "Stand.Environment.CumulativeReward.sum": {
            "value": 384161.1814880371,
            "min": 351019.7151260376,
            "max": 387118.6367034912,
            "count": 55
        },
        "Stand.Policy.ExtrinsicReward.mean": {
            "value": 923.4643785770123,
            "min": 270.22302935029836,
            "max": 925.3332043880481,
            "count": 55
        },
        "Stand.Policy.ExtrinsicReward.sum": {
            "value": 384161.1814880371,
            "min": 351019.7151260376,
            "max": 387118.6367034912,
            "count": 55
        },
        "Stand.Losses.PolicyLoss.mean": {
            "value": 0.017113936587411446,
            "min": 0.013753198528593202,
            "max": 0.01968276935280301,
            "count": 55
        },
        "Stand.Losses.PolicyLoss.sum": {
            "value": 0.03422787317482289,
            "min": 0.013753198528593202,
            "max": 0.038819960125256334,
            "count": 55
        },
        "Stand.Losses.ValueLoss.mean": {
            "value": 17333.800703125,
            "min": 673.4684411621093,
            "max": 17333.800703125,
            "count": 55
        },
        "Stand.Losses.ValueLoss.sum": {
            "value": 34667.60140625,
            "min": 673.4684411621093,
            "max": 34667.60140625,
            "count": 55
        },
        "Stand.Policy.LearningRate.mean": {
            "value": 9.196158303842499e-05,
            "min": 9.196158303842499e-05,
            "max": 9.732616267383998e-05,
            "count": 55
        },
        "Stand.Policy.LearningRate.sum": {
            "value": 0.00018392316607684998,
            "min": 9.206430460237002e-05,
            "max": 0.00019431081235586002,
            "count": 55
        },
        "Stand.Policy.Epsilon.mean": {
            "value": 0.191961575,
            "min": 0.191961575,
            "max": 0.19732615999999997,
            "count": 55
        },
        "Stand.Policy.Epsilon.sum": {
            "value": 0.38392315,
            "min": 0.1920642966666667,
            "max": 0.3943108066666667,
            "count": 55
        },
        "Stand.Policy.Beta.mean": {
            "value": 0.004598882592500001,
            "min": 0.004598882592500001,
            "max": 0.004866575384,
            "count": 55
        },
        "Stand.Policy.Beta.sum": {
            "value": 0.009197765185000002,
            "min": 0.004604008403666667,
            "max": 0.009716109252666666,
            "count": 55
        },
        "Stand.IsTraining.mean": {
            "value": 1.0,
            "min": 1.0,
            "max": 1.0,
            "count": 55
        },
        "Stand.IsTraining.sum": {
            "value": 1.0,
            "min": 1.0,
            "max": 1.0,
            "count": 55
        }
    },
    "metadata": {
        "timer_format_version": "0.1.0",
        "start_time_seconds": "1732383169",
        "python_version": "3.10.11 (tags/v3.10.11:7d4cc5a, Apr  5 2023, 00:38:17) [MSC v.1929 64 bit (AMD64)]",
        "command_line_arguments": "c:\\Users\\eriol\\Desktop\\Unity\\DynamicRagdoll\\venv\\Scripts\\mlagents-learn Config\\ppo\\Stand.yaml --run-id=Stand3 --resume",
        "mlagents_version": "1.1.0",
        "mlagents_envs_version": "1.1.0",
        "communication_protocol_version": "1.5.0",
        "pytorch_version": "2.5.1+cu124",
        "numpy_version": "1.23.5",
        "end_time_seconds": "1732385877"
    },
    "total": 2708.0245520000008,
    "count": 1,
    "self": 0.004886100001385785,
    "children": {
        "run_training.setup": {
            "total": 0.09167859999979555,
            "count": 1,
            "self": 0.09167859999979555
        },
        "TrainerController.start_learning": {
            "total": 2707.9279872999996,
            "count": 1,
            "self": 2.761531099629792,
            "children": {
                "TrainerController._reset_env": {
                    "total": 7.148970300000656,
                    "count": 1,
                    "self": 7.148970300000656
                },
                "TrainerController.advance": {
                    "total": 2697.8826144003688,
                    "count": 142671,
                    "self": 2.3622494011797244,
                    "children": {
                        "env_step": {
                            "total": 2044.0796415994864,
                            "count": 142671,
                            "self": 1662.0022368001246,
                            "children": {
                                "SubprocessEnvManager._take_step": {
                                    "total": 380.3458671995104,
                                    "count": 142671,
                                    "self": 7.110776999597874,
                                    "children": {
                                        "TorchPolicy.evaluate": {
                                            "total": 373.2350901999125,
                                            "count": 104620,
                                            "self": 373.2350901999125
                                        }
                                    }
                                },
                                "workers": {
                                    "total": 1.7315375998514355,
                                    "count": 142670,
                                    "self": 0.0,
                                    "children": {
                                        "worker_root": {
                                            "total": 2698.278231699889,
                                            "count": 142670,
                                            "is_parallel": true,
                                            "self": 1200.6593551001188,
                                            "children": {
                                                "steps_from_proto": {
                                                    "total": 0.0010000999991461867,
                                                    "count": 1,
                                                    "is_parallel": true,
                                                    "self": 0.00011350000022503082,